3,51,Artículos de papelería
5,75,Juguetes para niños
7,80,Productos de belleza
9,40,Alimentos y comestibles
11,91,Artículos de jardinería
13,60,Productos de limpieza
15,46,Accesorios deportivos
17,75,Material de arte
19,55,Bicicletas y accesorios
22,36,Material de oficina
24,81,Accesorios para la playa
27,45,Productos para el cabello
29,70,Artículos para el hogar
31,95,Artículos de fitness
33,50,Accesorios para vehículos
35,66,Artículos de cocina
37,35,Artículos de cuidado personal
39,75,Juguetes educativos
3,51,Artículos de papelería
5,75,Juguetes para niños
7,80,Productos de belleza
9,40,Alimentos y comestibles
11,91,Artículos de jardinería
13,60,Productos de limpieza
15,46,Accesorios deportivos
17,75,Material de arte
19,55,Bicicletas y accesorios
22,36,Material de oficina
24,81,Accesorios para la playa
27,45,Productos para el cabello
29,70,Artículos para el hogar
31,95,Artículos de fitness
33,50,Accesorios para vehículos
35,66,Artículos de cocina
37,35,Artículos de cuidado personal
39,75,Juguetes educativos
1,150,Compra de libros
2,301,Electrodomésticos para el hogar
4,120,Ropa y accesorios
6,200,Electrónicos
8,161,Herramientas para el hogar
10,251,Muebles para la casa
12,180,Suministros para mascotas
14,131,Instrumentos musicales
16,221,Electrodomésticos de cocina
18,200,Ropa deportiva
20,151,Productos electrónicos para el hogar
21,120,Decoración para el hogar
23,250,Equipamiento deportivo
25,191,Instrumentos de escritura
26,100,Juegos de mesa
28,151,Equipos de camping
30,131,Calzado deportivo
32,201,Libros electrónicos
34,181,Productos de tecnología
36,120,Ropa casual
38,111,Decoración navideña
40,161,Herramientas de jardinería
1,150,Compra de libros
2,301,Electrodomésticos para el hogar
4,120,Ropa y accesorios
6,200,Electrónicos
8,161,Herramientas para el hogar
10,251,Muebles para la casa
12,180,Suministros para mascotas
14,131,Instrumentos musicales
16,221,Electrodomésticos de cocina
18,200,Ropa deportiva
20,151,Productos electrónicos para el hogar
21,120,Decoración para el hogar
23,250,Equipamiento deportivo
25,191,Instrumentos de escritura
26,100,Juegos de mesa
28,151,Equipos de camping
30,131,Calzado deportivo
32,201,Libros electrónicos
34,181,Productos de tecnología
36,120,Ropa casual
38,111,Decoración navideña
40,161,Herramientas de jardinería
40,161,Herramientas de jardinería
40,161,Herramientas de jardinería
40,161,Herramientas de jardinería
40,161,Herramientas de jardinería
40,161,Herramientas de jardinería
32,201,Libros electrónicos
32,201,Libros electrónicos